# Série;Designaçăo da série (PT);Métrica;Unidade de Medida;Período de referęncia;Valor;Estado
12532123;Dólar dos EUA (USD) - fim de męs;Valor em fim do período;Divisa;1999-01-31;1.1384;
12532123;Dólar dos EUA (USD) - fim de męs;Valor em fim do período;Divisa;1999-02-28;1.1018;
12532123;Dólar dos EUA (USD) - fim de męs;Valor em fim do período;Divisa;1999-03-31;1.0742;
12532123;Dólar dos EUA (USD) - fim de męs;Valor em fim do período;Divisa;1999-04-30;1.0597;
12532123;Dólar dos EUA (USD) - fim de męs;Valor em fim do período;Divisa;1999-05-31;1.0456;
12532123;Dólar dos EUA (USD) - fim de męs;Valor em fim do período;Divisa;1999-06-30;1.0328;
12532123;Dólar dos EUA (USD) - fim de męs;Valor em fim do período;Divisa;1999-07-31;1.0694;
12532123;Dólar dos EUA (USD) - fim de męs;Valor em fim do período;Divisa;1999-08-31;1.0573;
12532123;Dólar dos EUA (USD) - fim de męs;Valor em fim do período;Divisa;1999-09-30;1.0665;
12532123;Dólar dos EUA (USD) - fim de męs;Valor em fim do período;Divisa;1999-10-31;1.0453;
12532123;Dólar dos EUA (USD) - fim de męs;Valor em fim do período;Divisa;1999-11-30;1.0097;
12532123;Dólar dos EUA (USD) - fim de męs;Valor em fim do período;Divisa;1999-12-31;1.0046;
12532123;Dólar dos EUA (USD) - fim de męs;Valor em fim do período;Divisa;2000-01-31;0.9791;
12532123;Dólar dos EUA (USD) - fim de męs;Valor em fim do período;Divisa;2000-02-29;0.9714;
12532123;Dólar dos EUA (USD) - fim de męs;Valor em fim do período;Divisa;2000-03-31;0.9553;
12532123;Dólar dos EUA (USD) - fim de męs;Valor em fim do período;Divisa;2000-04-30;0.9085;
12532123;Dólar dos EUA (USD) - fim de męs;Valor em fim do período;Divisa;2000-05-31;0.9303;
12532123;Dólar dos EUA (USD) - fim de męs;Valor em fim do período;Divisa;2000-06-30;0.9556;
12532123;Dólar dos EUA (USD) - fim de męs;Valor em fim do período;Divisa;2000-07-31;0.9243;
12532123;Dólar dos EUA (USD) - fim de męs;Valor em fim do período;Divisa;2000-08-31;0.8906;
12532123;Dólar dos EUA (USD) - fim de męs;Valor em fim do período;Divisa;2000-09-30;0.8765;
12532123;Dólar dos EUA (USD) - fim de męs;Valor em fim do período;Divisa;2000-10-31;0.8417;
12532123;Dólar dos EUA (USD) - fim de męs;Valor em fim do período;Divisa;2000-11-30;0.8684;
12532123;Dólar dos EUA (USD) - fim de męs;Valor em fim do período;Divisa;2000-12-31;0.9305;
12532123;Dólar dos EUA (USD) - fim de męs;Valor em fim do período;Divisa;2001-01-31;0.9293;
12532123;Dólar dos EUA (USD) - fim de męs;Valor em fim do período;Divisa;2001-02-28;0.9248;
12532123;Dólar dos EUA (USD) - fim de męs;Valor em fim do período;Divisa;2001-03-31;0.8832;
12532123;Dólar dos EUA (USD) - fim de męs;Valor em fim do período;Divisa;2001-04-30;0.8876;
12532123;Dólar dos EUA (USD) - fim de męs;Valor em fim do período;Divisa;2001-05-31;0.8480;
12532123;Dólar dos EUA (USD) - fim de męs;Valor em fim do período;Divisa;2001-06-30;0.8480;
12532123;Dólar dos EUA (USD) - fim de męs;Valor em fim do período;Divisa;2001-07-31;0.8755;
12532123;Dólar dos EUA (USD) - fim de męs;Valor em fim do período;Divisa;2001-08-31;0.9158;
12532123;Dólar dos EUA (USD) - fim de męs;Valor em fim do período;Divisa;2001-09-30;0.9131;
12532123;Dólar dos EUA (USD) - fim de męs;Valor em fim do período;Divisa;2001-10-31;0.9042;
12532123;Dólar dos EUA (USD) - fim de męs;Valor em fim do período;Divisa;2001-11-30;0.8898;
12532123;Dólar dos EUA (USD) - fim de męs;Valor em fim do período;Divisa;2001-12-31;0.8813;
12532123;Dólar dos EUA (USD) - fim de męs;Valor em fim do período;Divisa;2002-01-31;0.8637;
12532123;Dólar dos EUA (USD) - fim de męs;Valor em fim do período;Divisa;2002-02-28;0.8651;
12532123;Dólar dos EUA (USD) - fim de męs;Valor em fim do período;Divisa;2002-03-31;0.8724;
12532123;Dólar dos EUA (USD) - fim de męs;Valor em fim do período;Divisa;2002-04-30;0.9008;
12532123;Dólar dos EUA (USD) - fim de męs;Valor em fim do período;Divisa;2002-05-31;0.9387;
12532123;Dólar dos EUA (USD) - fim de męs;Valor em fim do período;Divisa;2002-06-30;0.9975;
12532123;Dólar dos EUA (USD) - fim de męs;Valor em fim do período;Divisa;2002-07-31;0.9783;
12532123;Dólar dos EUA (USD) - fim de męs;Valor em fim do período;Divisa;2002-08-31;0.9833;
12532123;Dólar dos EUA (USD) - fim de męs;Valor em fim do período;Divisa;2002-09-30;0.9860;
12532123;Dólar dos EUA (USD) - fim de męs;Valor em fim do período;Divisa;2002-10-31;0.9864;
12532123;Dólar dos EUA (USD) - fim de męs;Valor em fim do período;Divisa;2002-11-30;0.9927;
12532123;Dólar dos EUA (USD) - fim de męs;Valor em fim do período;Divisa;2002-12-31;1.0487;
12532123;Dólar dos EUA (USD) - fim de męs;Valor em fim do período;Divisa;2003-01-31;1.0816;
12532123;Dólar dos EUA (USD) - fim de męs;Valor em fim do período;Divisa;2003-02-28;1.0782;
12532123;Dólar dos EUA (USD) - fim de męs;Valor em fim do período;Divisa;2003-03-31;1.0895;
12532123;Dólar dos EUA (USD) - fim de męs;Valor em fim do período;Divisa;2003-04-30;1.1131;
12532123;Dólar dos EUA (USD) - fim de męs;Valor em fim do período;Divisa;2003-05-31;1.1822;
12532123;Dólar dos EUA (USD) - fim de męs;Valor em fim do período;Divisa;2003-06-30;1.1427;
12532123;Dólar dos EUA (USD) - fim de męs;Valor em fim do período;Divisa;2003-07-31;1.1318;
12532123;Dólar dos EUA (USD) - fim de męs;Valor em fim do período;Divisa;2003-08-31;1.0927;
12532123;Dólar dos EUA (USD) - fim de męs;Valor em fim do período;Divisa;2003-09-30;1.1652;
12532123;Dólar dos EUA (USD) - fim de męs;Valor em fim do período;Divisa;2003-10-31;1.1622;
12532123;Dólar dos EUA (USD) - fim de męs;Valor em fim do período;Divisa;2003-11-30;1.1994;
12532123;Dólar dos EUA (USD) - fim de męs;Valor em fim do período;Divisa;2003-12-31;1.2630;
12532123;Dólar dos EUA (USD) - fim de męs;Valor em fim do período;Divisa;2004-01-31;1.2384;
12532123;Dólar dos EUA (USD) - fim de męs;Valor em fim do período;Divisa;2004-02-29;1.2418;
12532123;Dólar dos EUA (USD) - fim de męs;Valor em fim do período;Divisa;2004-03-31;1.2224;
12532123;Dólar dos EUA (USD) - fim de męs;Valor em fim do período;Divisa;2004-04-30;1.1947;
12532123;Dólar dos EUA (USD) - fim de męs;Valor em fim do período;Divisa;2004-05-31;1.2198;
12532123;Dólar dos EUA (USD) - fim de męs;Valor em fim do período;Divisa;2004-06-30;1.2155;
12532123;Dólar dos EUA (USD) - fim de męs;Valor em fim do período;Divisa;2004-07-31;1.2039;
12532123;Dólar dos EUA (USD) - fim de męs;Valor em fim do período;Divisa;2004-08-31;1.2111;
12532123;Dólar dos EUA (USD) - fim de męs;Valor em fim do período;Divisa;2004-09-30;1.2409;
12532123;Dólar dos EUA (USD) - fim de męs;Valor em fim do período;Divisa;2004-10-31;1.2737;
12532123;Dólar dos EUA (USD) - fim de męs;Valor em fim do período;Divisa;2004-11-30;1.3295;
12532123;Dólar dos EUA (USD) - fim de męs;Valor em fim do período;Divisa;2004-12-31;1.3621;
12532123;Dólar dos EUA (USD) - fim de męs;Valor em fim do período;Divisa;2005-01-31;1.3035;
12532123;Dólar dos EUA (USD) - fim de męs;Valor em fim do período;Divisa;2005-02-28;1.3257;
12532123;Dólar dos EUA (USD) - fim de męs;Valor em fim do período;Divisa;2005-03-31;1.2964;
12532123;Dólar dos EUA (USD) - fim de męs;Valor em fim do período;Divisa;2005-04-30;1.2957;
12532123;Dólar dos EUA (USD) - fim de męs;Valor em fim do período;Divisa;2005-05-31;1.2331;
12532123;Dólar dos EUA (USD) - fim de męs;Valor em fim do período;Divisa;2005-06-30;1.2092;
12532123;Dólar dos EUA (USD) - fim de męs;Valor em fim do período;Divisa;2005-07-31;1.2093;
12532123;Dólar dos EUA (USD) - fim de męs;Valor em fim do período;Divisa;2005-08-31;1.2198;
12532123;Dólar dos EUA (USD) - fim de męs;Valor em fim do período;Divisa;2005-09-30;1.2042;
12532123;Dólar dos EUA (USD) - fim de męs;Valor em fim do período;Divisa;2005-10-31;1.2023;
12532123;Dólar dos EUA (USD) - fim de męs;Valor em fim do período;Divisa;2005-11-30;1.1769;
12532123;Dólar dos EUA (USD) - fim de męs;Valor em fim do período;Divisa;2005-12-31;1.1797;
12532123;Dólar dos EUA (USD) - fim de męs;Valor em fim do período;Divisa;2006-01-31;1.2118;
12532123;Dólar dos EUA (USD) - fim de męs;Valor em fim do período;Divisa;2006-02-28;1.1875;
12532123;Dólar dos EUA (USD) - fim de męs;Valor em fim do período;Divisa;2006-03-31;1.2104;
12532123;Dólar dos EUA (USD) - fim de męs;Valor em fim do período;Divisa;2006-04-30;1.2537;
12532123;Dólar dos EUA (USD) - fim de męs;Valor em fim do período;Divisa;2006-05-31;1.2868;
12532123;Dólar dos EUA (USD) - fim de męs;Valor em fim do período;Divisa;2006-06-30;1.2713;
12532123;Dólar dos EUA (USD) - fim de męs;Valor em fim do período;Divisa;2006-07-31;1.2767;
12532123;Dólar dos EUA (USD) - fim de męs;Valor em fim do período;Divisa;2006-08-31;1.2851;
12532123;Dólar dos EUA (USD) - fim de męs;Valor em fim do período;Divisa;2006-09-30;1.2660;
12532123;Dólar dos EUA (USD) - fim de męs;Valor em fim do período;Divisa;2006-10-31;1.2696;
12532123;Dólar dos EUA (USD) - fim de męs;Valor em fim do período;Divisa;2006-11-30;1.3200;
12532123;Dólar dos EUA (USD) - fim de męs;Valor em fim do período;Divisa;2006-12-31;1.3170;
12532123;Dólar dos EUA (USD) - fim de męs;Valor em fim do período;Divisa;2007-01-31;1.2954;
12532123;Dólar dos EUA (USD) - fim de męs;Valor em fim do período;Divisa;2007-02-28;1.3211;
12532123;Dólar dos EUA (USD) - fim de męs;Valor em fim do período;Divisa;2007-03-31;1.3318;
12532123;Dólar dos EUA (USD) - fim de męs;Valor em fim do período;Divisa;2007-04-30;1.3605;
12532123;Dólar dos EUA (USD) - fim de męs;Valor em fim do período;Divisa;2007-05-31;1.3453;
12532123;Dólar dos EUA (USD) - fim de męs;Valor em fim do período;Divisa;2007-06-30;1.3505;
12532123;Dólar dos EUA (USD) - fim de męs;Valor em fim do período;Divisa;2007-07-31;1.3707;
12532123;Dólar dos EUA (USD) - fim de męs;Valor em fim do período;Divisa;2007-08-31;1.3705;
12532123;Dólar dos EUA (USD) - fim de męs;Valor em fim do período;Divisa;2007-09-30;1.4179;
12532123;Dólar dos EUA (USD) - fim de męs;Valor em fim do período;Divisa;2007-10-31;1.4447;
12532123;Dólar dos EUA (USD) - fim de męs;Valor em fim do período;Divisa;2007-11-30;1.4761;
12532123;Dólar dos EUA (USD) - fim de męs;Valor em fim do período;Divisa;2007-12-31;1.4721;
12532123;Dólar dos EUA (USD) - fim de męs;Valor em fim do período;Divisa;2008-01-31;1.4870;
12532123;Dólar dos EUA (USD) - fim de męs;Valor em fim do período;Divisa;2008-02-29;1.5167;
12532123;Dólar dos EUA (USD) - fim de męs;Valor em fim do período;Divisa;2008-03-31;1.5812;
12532123;Dólar dos EUA (USD) - fim de męs;Valor em fim do período;Divisa;2008-04-30;1.5540;
12532123;Dólar dos EUA (USD) - fim de męs;Valor em fim do período;Divisa;2008-05-31;1.5508;
12532123;Dólar dos EUA (USD) - fim de męs;Valor em fim do período;Divisa;2008-06-30;1.5764;
12532123;Dólar dos EUA (USD) - fim de męs;Valor em fim do período;Divisa;2008-07-31;1.5611;
12532123;Dólar dos EUA (USD) - fim de męs;Valor em fim do período;Divisa;2008-08-31;1.4735;
12532123;Dólar dos EUA (USD) - fim de męs;Valor em fim do período;Divisa;2008-09-30;1.4303;
12532123;Dólar dos EUA (USD) - fim de męs;Valor em fim do período;Divisa;2008-10-31;1.2757;
12532123;Dólar dos EUA (USD) - fim de męs;Valor em fim do período;Divisa;2008-11-30;1.2727;
12532123;Dólar dos EUA (USD) - fim de męs;Valor em fim do período;Divisa;2008-12-31;1.3917;
12532123;Dólar dos EUA (USD) - fim de męs;Valor em fim do período;Divisa;2009-01-31;1.2816;
12532123;Dólar dos EUA (USD) - fim de męs;Valor em fim do período;Divisa;2009-02-28;1.2644;
12532123;Dólar dos EUA (USD) - fim de męs;Valor em fim do período;Divisa;2009-03-31;1.3308;
12532123;Dólar dos EUA (USD) - fim de męs;Valor em fim do período;Divisa;2009-04-30;1.3275;
12532123;Dólar dos EUA (USD) - fim de męs;Valor em fim do período;Divisa;2009-05-31;1.4098;
12532123;Dólar dos EUA (USD) - fim de męs;Valor em fim do período;Divisa;2009-06-30;1.4134;
12532123;Dólar dos EUA (USD) - fim de męs;Valor em fim do período;Divisa;2009-07-31;1.4138;
12532123;Dólar dos EUA (USD) - fim de męs;Valor em fim do período;Divisa;2009-08-31;1.4272;
12532123;Dólar dos EUA (USD) - fim de męs;Valor em fim do período;Divisa;2009-09-30;1.4643;
12532123;Dólar dos EUA (USD) - fim de męs;Valor em fim do período;Divisa;2009-10-31;1.4800;
12532123;Dólar dos EUA (USD) - fim de męs;Valor em fim do período;Divisa;2009-11-30;1.5023;
12532123;Dólar dos EUA (USD) - fim de męs;Valor em fim do período;Divisa;2009-12-31;1.4406;
12532123;Dólar dos EUA (USD) - fim de męs;Valor em fim do período;Divisa;2010-01-31;1.3966;
12532123;Dólar dos EUA (USD) - fim de męs;Valor em fim do período;Divisa;2010-02-28;1.3570;
12532123;Dólar dos EUA (USD) - fim de męs;Valor em fim do período;Divisa;2010-03-31;1.3479;
12532123;Dólar dos EUA (USD) - fim de męs;Valor em fim do período;Divisa;2010-04-30;1.3315;
12532123;Dólar dos EUA (USD) - fim de męs;Valor em fim do período;Divisa;2010-05-31;1.2307;
12532123;Dólar dos EUA (USD) - fim de męs;Valor em fim do período;Divisa;2010-06-30;1.2271;
12532123;Dólar dos EUA (USD) - fim de męs;Valor em fim do período;Divisa;2010-07-31;1.3028;
12532123;Dólar dos EUA (USD) - fim de męs;Valor em fim do período;Divisa;2010-08-31;1.2680;
12532123;Dólar dos EUA (USD) - fim de męs;Valor em fim do período;Divisa;2010-09-30;1.3648;
12532123;Dólar dos EUA (USD) - fim de męs;Valor em fim do período;Divisa;2010-10-31;1.3857;
12532123;Dólar dos EUA (USD) - fim de męs;Valor em fim do período;Divisa;2010-11-30;1.2998;
12532123;Dólar dos EUA (USD) - fim de męs;Valor em fim do período;Divisa;2010-12-31;1.3362;
12532123;Dólar dos EUA (USD) - fim de męs;Valor em fim do período;Divisa;2011-01-31;1.3692;
12532123;Dólar dos EUA (USD) - fim de męs;Valor em fim do período;Divisa;2011-02-28;1.3834;
12532123;Dólar dos EUA (USD) - fim de męs;Valor em fim do período;Divisa;2011-03-31;1.4207;
12532123;Dólar dos EUA (USD) - fim de męs;Valor em fim do período;Divisa;2011-04-30;1.4860;
12532123;Dólar dos EUA (USD) - fim de męs;Valor em fim do período;Divisa;2011-05-31;1.4385;
12532123;Dólar dos EUA (USD) - fim de męs;Valor em fim do período;Divisa;2011-06-30;1.4453;
12532123;Dólar dos EUA (USD) - fim de męs;Valor em fim do período;Divisa;2011-07-31;1.4260;
12532123;Dólar dos EUA (USD) - fim de męs;Valor em fim do período;Divisa;2011-08-31;1.4450;
12532123;Dólar dos EUA (USD) - fim de męs;Valor em fim do período;Divisa;2011-09-30;1.3503;
12532123;Dólar dos EUA (USD) - fim de męs;Valor em fim do período;Divisa;2011-10-31;1.4001;
12532123;Dólar dos EUA (USD) - fim de męs;Valor em fim do período;Divisa;2011-11-30;1.3418;
12532123;Dólar dos EUA (USD) - fim de męs;Valor em fim do período;Divisa;2011-12-31;1.2939;
12532123;Dólar dos EUA (USD) - fim de męs;Valor em fim do período;Divisa;2012-01-31;1.3176;
12532123;Dólar dos EUA (USD) - fim de męs;Valor em fim do período;Divisa;2012-02-29;1.3443;
12532123;Dólar dos EUA (USD) - fim de męs;Valor em fim do período;Divisa;2012-03-31;1.3356;
12532123;Dólar dos EUA (USD) - fim de męs;Valor em fim do período;Divisa;2012-04-30;1.3214;
12532123;Dólar dos EUA (USD) - fim de męs;Valor em fim do período;Divisa;2012-05-31;1.2403;
12532123;Dólar dos EUA (USD) - fim de męs;Valor em fim do período;Divisa;2012-06-30;1.2590;
12532123;Dólar dos EUA (USD) - fim de męs;Valor em fim do período;Divisa;2012-07-31;1.2284;
12532123;Dólar dos EUA (USD) - fim de męs;Valor em fim do período;Divisa;2012-08-31;1.2611;
12532123;Dólar dos EUA (USD) - fim de męs;Valor em fim do período;Divisa;2012-09-30;1.2930;
12532123;Dólar dos EUA (USD) - fim de męs;Valor em fim do período;Divisa;2012-10-31;1.2993;
12532123;Dólar dos EUA (USD) - fim de męs;Valor em fim do período;Divisa;2012-11-30;1.2986;
12532123;Dólar dos EUA (USD) - fim de męs;Valor em fim do período;Divisa;2012-12-31;1.3194;
12532123;Dólar dos EUA (USD) - fim de męs;Valor em fim do período;Divisa;2013-01-31;1.3550;
12532123;Dólar dos EUA (USD) - fim de męs;Valor em fim do período;Divisa;2013-02-28;1.3129;
12532123;Dólar dos EUA (USD) - fim de męs;Valor em fim do período;Divisa;2013-03-31;1.2805;
12532123;Dólar dos EUA (USD) - fim de męs;Valor em fim do período;Divisa;2013-04-30;1.3072;
12532123;Dólar dos EUA (USD) - fim de męs;Valor em fim do período;Divisa;2013-05-31;1.3006;
12532123;Dólar dos EUA (USD) - fim de męs;Valor em fim do período;Divisa;2013-06-30;1.3080;
12532123;Dólar dos EUA (USD) - fim de męs;Valor em fim do período;Divisa;2013-07-31;1.3275;
12532123;Dólar dos EUA (USD) - fim de męs;Valor em fim do período;Divisa;2013-08-31;1.3235;
12532123;Dólar dos EUA (USD) - fim de męs;Valor em fim do período;Divisa;2013-09-30;1.3505;
12532123;Dólar dos EUA (USD) - fim de męs;Valor em fim do período;Divisa;2013-10-31;1.3641;
12532123;Dólar dos EUA (USD) - fim de męs;Valor em fim do período;Divisa;2013-11-30;1.3611;
12532123;Dólar dos EUA (USD) - fim de męs;Valor em fim do período;Divisa;2013-12-31;1.3791;
12532123;Dólar dos EUA (USD) - fim de męs;Valor em fim do período;Divisa;2014-01-31;1.3516;
12532123;Dólar dos EUA (USD) - fim de męs;Valor em fim do período;Divisa;2014-02-28;1.3813;
12532123;Dólar dos EUA (USD) - fim de męs;Valor em fim do período;Divisa;2014-03-31;1.3788;
12532123;Dólar dos EUA (USD) - fim de męs;Valor em fim do período;Divisa;2014-04-30;1.3850;
12532123;Dólar dos EUA (USD) - fim de męs;Valor em fim do período;Divisa;2014-05-31;1.3607;
12532123;Dólar dos EUA (USD) - fim de męs;Valor em fim do período;Divisa;2014-06-30;1.3658;
12532123;Dólar dos EUA (USD) - fim de męs;Valor em fim do período;Divisa;2014-07-31;1.3379;
12532123;Dólar dos EUA (USD) - fim de męs;Valor em fim do período;Divisa;2014-08-31;1.3188;
12532123;Dólar dos EUA (USD) - fim de męs;Valor em fim do período;Divisa;2014-09-30;1.2583;
12532123;Dólar dos EUA (USD) - fim de męs;Valor em fim do período;Divisa;2014-10-31;1.2524;
12532123;Dólar dos EUA (USD) - fim de męs;Valor em fim do período;Divisa;2014-11-30;1.2483;
12532123;Dólar dos EUA (USD) - fim de męs;Valor em fim do período;Divisa;2014-12-31;1.2141;
12532123;Dólar dos EUA (USD) - fim de męs;Valor em fim do período;Divisa;2015-01-31;1.1305;
12532123;Dólar dos EUA (USD) - fim de męs;Valor em fim do período;Divisa;2015-02-28;1.1240;
12532123;Dólar dos EUA (USD) - fim de męs;Valor em fim do período;Divisa;2015-03-31;1.0759;
12532123;Dólar dos EUA (USD) - fim de męs;Valor em fim do período;Divisa;2015-04-30;1.1215;
12532123;Dólar dos EUA (USD) - fim de męs;Valor em fim do período;Divisa;2015-05-31;1.0970;
12532123;Dólar dos EUA (USD) - fim de męs;Valor em fim do período;Divisa;2015-06-30;1.1189;
12532123;Dólar dos EUA (USD) - fim de męs;Valor em fim do período;Divisa;2015-07-31;1.0967;
12532123;Dólar dos EUA (USD) - fim de męs;Valor em fim do período;Divisa;2015-08-31;1.1215;
12532123;Dólar dos EUA (USD) - fim de męs;Valor em fim do período;Divisa;2015-09-30;1.1203;
12532123;Dólar dos EUA (USD) - fim de męs;Valor em fim do período;Divisa;2015-10-31;1.1017;
12532123;Dólar dos EUA (USD) - fim de męs;Valor em fim do período;Divisa;2015-11-30;1.0579;
12532123;Dólar dos EUA (USD) - fim de męs;Valor em fim do período;Divisa;2015-12-31;1.0887;
12532123;Dólar dos EUA (USD) - fim de męs;Valor em fim do período;Divisa;2016-01-31;1.0920;
12532123;Dólar dos EUA (USD) - fim de męs;Valor em fim do período;Divisa;2016-02-29;1.0888;
12532123;Dólar dos EUA (USD) - fim de męs;Valor em fim do período;Divisa;2016-03-31;1.1385;
12532123;Dólar dos EUA (USD) - fim de męs;Valor em fim do período;Divisa;2016-04-30;1.1403;
12532123;Dólar dos EUA (USD) - fim de męs;Valor em fim do período;Divisa;2016-05-31;1.1154;
12532123;Dólar dos EUA (USD) - fim de męs;Valor em fim do período;Divisa;2016-06-30;1.1102;
12532123;Dólar dos EUA (USD) - fim de męs;Valor em fim do período;Divisa;2016-07-31;1.1113;
12532123;Dólar dos EUA (USD) - fim de męs;Valor em fim do período;Divisa;2016-08-31;1.1132;
12532123;Dólar dos EUA (USD) - fim de męs;Valor em fim do período;Divisa;2016-09-30;1.1161;
12532123;Dólar dos EUA (USD) - fim de męs;Valor em fim do período;Divisa;2016-10-31;1.0946;
12532123;Dólar dos EUA (USD) - fim de męs;Valor em fim do período;Divisa;2016-11-30;1.0635;
12532123;Dólar dos EUA (USD) - fim de męs;Valor em fim do período;Divisa;2016-12-31;1.0541;
12532123;Dólar dos EUA (USD) - fim de męs;Valor em fim do período;Divisa;2017-01-31;1.0755;
12532123;Dólar dos EUA (USD) - fim de męs;Valor em fim do período;Divisa;2017-02-28;1.0597;
12532123;Dólar dos EUA (USD) - fim de męs;Valor em fim do período;Divisa;2017-03-31;1.0691;
12532123;Dólar dos EUA (USD) - fim de męs;Valor em fim do período;Divisa;2017-04-30;1.0930;
12532123;Dólar dos EUA (USD) - fim de męs;Valor em fim do período;Divisa;2017-05-31;1.1221;
12532123;Dólar dos EUA (USD) - fim de męs;Valor em fim do período;Divisa;2017-06-30;1.1412;
12532123;Dólar dos EUA (USD) - fim de męs;Valor em fim do período;Divisa;2017-07-31;1.1727;
12532123;Dólar dos EUA (USD) - fim de męs;Valor em fim do período;Divisa;2017-08-31;1.1825;
12532123;Dólar dos EUA (USD) - fim de męs;Valor em fim do período;Divisa;2017-09-30;1.1806;
12532123;Dólar dos EUA (USD) - fim de męs;Valor em fim do período;Divisa;2017-10-31;1.1638;
12532123;Dólar dos EUA (USD) - fim de męs;Valor em fim do período;Divisa;2017-11-30;1.1849;
12532123;Dólar dos EUA (USD) - fim de męs;Valor em fim do período;Divisa;2017-12-31;1.1993;
12532123;Dólar dos EUA (USD) - fim de męs;Valor em fim do período;Divisa;2018-01-31;1.2457;
12532123;Dólar dos EUA (USD) - fim de męs;Valor em fim do período;Divisa;2018-02-28;1.2214;
12532123;Dólar dos EUA (USD) - fim de męs;Valor em fim do período;Divisa;2018-03-31;1.2321;
12532123;Dólar dos EUA (USD) - fim de męs;Valor em fim do período;Divisa;2018-04-30;1.2079;
12532123;Dólar dos EUA (USD) - fim de męs;Valor em fim do período;Divisa;2018-05-31;1.1699;
12532123;Dólar dos EUA (USD) - fim de męs;Valor em fim do período;Divisa;2018-06-30;1.1658;
12532123;Dólar dos EUA (USD) - fim de męs;Valor em fim do período;Divisa;2018-07-31;1.1736;
12532123;Dólar dos EUA (USD) - fim de męs;Valor em fim do período;Divisa;2018-08-31;1.1651;
12532123;Dólar dos EUA (USD) - fim de męs;Valor em fim do período;Divisa;2018-09-30;1.1576;
12532123;Dólar dos EUA (USD) - fim de męs;Valor em fim do período;Divisa;2018-10-31;1.1318;
12532123;Dólar dos EUA (USD) - fim de męs;Valor em fim do período;Divisa;2018-11-30;1.1359;
12532123;Dólar dos EUA (USD) - fim de męs;Valor em fim do período;Divisa;2018-12-31;1.1450;
12532123;Dólar dos EUA (USD) - fim de męs;Valor em fim do período;Divisa;2019-01-31;1.1488;
12532123;Dólar dos EUA (USD) - fim de męs;Valor em fim do período;Divisa;2019-02-28;1.1416;
12532123;Dólar dos EUA (USD) - fim de męs;Valor em fim do período;Divisa;2019-03-31;1.1235;
12532123;Dólar dos EUA (USD) - fim de męs;Valor em fim do período;Divisa;2019-04-30;1.1218;
12532123;Dólar dos EUA (USD) - fim de męs;Valor em fim do período;Divisa;2019-05-31;1.1151;
12532123;Dólar dos EUA (USD) - fim de męs;Valor em fim do período;Divisa;2019-06-30;1.1380;
12532123;Dólar dos EUA (USD) - fim de męs;Valor em fim do período;Divisa;2019-07-31;1.1151;
12532123;Dólar dos EUA (USD) - fim de męs;Valor em fim do período;Divisa;2019-08-31;1.1036;
12532123;Dólar dos EUA (USD) - fim de męs;Valor em fim do período;Divisa;2019-09-30;1.0889;
12532123;Dólar dos EUA (USD) - fim de męs;Valor em fim do período;Divisa;2019-10-31;1.1154;
12532123;Dólar dos EUA (USD) - fim de męs;Valor em fim do período;Divisa;2019-11-30;1.0982;
12532123;Dólar dos EUA (USD) - fim de męs;Valor em fim do período;Divisa;2019-12-31;1.1234;
12532123;Dólar dos EUA (USD) - fim de męs;Valor em fim do período;Divisa;2020-01-31;1.1052;
12532123;Dólar dos EUA (USD) - fim de męs;Valor em fim do período;Divisa;2020-02-29;1.0977;
12532123;Dólar dos EUA (USD) - fim de męs;Valor em fim do período;Divisa;2020-03-31;1.0956;
12532123;Dólar dos EUA (USD) - fim de męs;Valor em fim do período;Divisa;2020-04-30;1.0876;
12532123;Dólar dos EUA (USD) - fim de męs;Valor em fim do período;Divisa;2020-05-31;1.1136;
12532123;Dólar dos EUA (USD) - fim de męs;Valor em fim do período;Divisa;2020-06-30;1.1198;
12532123;Dólar dos EUA (USD) - fim de męs;Valor em fim do período;Divisa;2020-07-31;1.1848;
12532123;Dólar dos EUA (USD) - fim de męs;Valor em fim do período;Divisa;2020-08-31;1.1940;
12532123;Dólar dos EUA (USD) - fim de męs;Valor em fim do período;Divisa;2020-09-30;1.1708;
12532123;Dólar dos EUA (USD) - fim de męs;Valor em fim do período;Divisa;2020-10-31;1.1698;
12532123;Dólar dos EUA (USD) - fim de męs;Valor em fim do período;Divisa;2020-11-30;1.1980;
12532123;Dólar dos EUA (USD) - fim de męs;Valor em fim do período;Divisa;2020-12-31;1.2271;
12532123;Dólar dos EUA (USD) - fim de męs;Valor em fim do período;Divisa;2021-01-31;1.2136;
12532123;Dólar dos EUA (USD) - fim de męs;Valor em fim do período;Divisa;2021-02-28;1.2121;
12532123;Dólar dos EUA (USD) - fim de męs;Valor em fim do período;Divisa;2021-03-31;1.1725;
12532123;Dólar dos EUA (USD) - fim de męs;Valor em fim do período;Divisa;2021-04-30;1.2082;
12532123;Dólar dos EUA (USD) - fim de męs;Valor em fim do período;Divisa;2021-05-31;1.2201;
12532123;Dólar dos EUA (USD) - fim de męs;Valor em fim do período;Divisa;2021-06-30;1.1884;
12532123;Dólar dos EUA (USD) - fim de męs;Valor em fim do período;Divisa;2021-07-31;1.1891;
12532123;Dólar dos EUA (USD) - fim de męs;Valor em fim do período;Divisa;2021-08-31;1.1834;
12532123;Dólar dos EUA (USD) - fim de męs;Valor em fim do período;Divisa;2021-09-30;1.1579;
12532123;Dólar dos EUA (USD) - fim de męs;Valor em fim do período;Divisa;2021-10-31;1.1645;
12532123;Dólar dos EUA (USD) - fim de męs;Valor em fim do período;Divisa;2021-11-30;1.1363;
12532123;Dólar dos EUA (USD) - fim de męs;Valor em fim do período;Divisa;2021-12-31;1.1326;
12532123;Dólar dos EUA (USD) - fim de męs;Valor em fim do período;Divisa;2022-01-31;1.1156;
12532123;Dólar dos EUA (USD) - fim de męs;Valor em fim do período;Divisa;2022-02-28;1.1199;
12532123;Dólar dos EUA (USD) - fim de męs;Valor em fim do período;Divisa;2022-03-31;1.1101;
12532123;Dólar dos EUA (USD) - fim de męs;Valor em fim do período;Divisa;2022-04-30;1.0540;
12532123;Dólar dos EUA (USD) - fim de męs;Valor em fim do período;Divisa;2022-05-31;1.0713;
12532123;Dólar dos EUA (USD) - fim de męs;Valor em fim do período;Divisa;2022-06-30;1.0387;
12532123;Dólar dos EUA (USD) - fim de męs;Valor em fim do período;Divisa;2022-07-31;1.0198;
12532123;Dólar dos EUA (USD) - fim de męs;Valor em fim do período;Divisa;2022-08-31;1.0000;
12532123;Dólar dos EUA (USD) - fim de męs;Valor em fim do período;Divisa;2022-09-30;0.9748;
12532123;Dólar dos EUA (USD) - fim de męs;Valor em fim do período;Divisa;2022-10-31;0.9914;
12532123;Dólar dos EUA (USD) - fim de męs;Valor em fim do período;Divisa;2022-11-30;1.0376;
12532123;Dólar dos EUA (USD) - fim de męs;Valor em fim do período;Divisa;2022-12-31;1.0666;
12532123;Dólar dos EUA (USD) - fim de męs;Valor em fim do período;Divisa;2023-01-31;1.0833;
12532123;Dólar dos EUA (USD) - fim de męs;Valor em fim do período;Divisa;2023-02-28;1.0619;
12532123;Dólar dos EUA (USD) - fim de męs;Valor em fim do período;Divisa;2023-03-31;1.0875;
12532123;Dólar dos EUA (USD) - fim de męs;Valor em fim do período;Divisa;2023-04-30;1.0981;
12532123;Dólar dos EUA (USD) - fim de męs;Valor em fim do período;Divisa;2023-05-31;1.0683;
12532123;Dólar dos EUA (USD) - fim de męs;Valor em fim do período;Divisa;2023-06-30;1.0866;
12532123;Dólar dos EUA (USD) - fim de męs;Valor em fim do período;Divisa;2023-07-31;1.1023;
12532123;Dólar dos EUA (USD) - fim de męs;Valor em fim do período;Divisa;2023-08-31;1.0868;
12532123;Dólar dos EUA (USD) - fim de męs;Valor em fim do período;Divisa;2023-09-30;1.0594;
12532123;Dólar dos EUA (USD) - fim de męs;Valor em fim do período;Divisa;2023-10-31;1.0619;
12532123;Dólar dos EUA (USD) - fim de męs;Valor em fim do período;Divisa;2023-11-30;1.0931;
12532123;Dólar dos EUA (USD) - fim de męs;Valor em fim do período;Divisa;2023-12-31;1.1050;
12532123;Dólar dos EUA (USD) - fim de męs;Valor em fim do período;Divisa;2024-01-31;1.0837;
12532123;Dólar dos EUA (USD) - fim de męs;Valor em fim do período;Divisa;2024-02-29;1.0826;
12532123;Dólar dos EUA (USD) - fim de męs;Valor em fim do período;Divisa;2024-03-31;1.0811;
12532123;Dólar dos EUA (USD) - fim de męs;Valor em fim do período;Divisa;2024-04-30;1.0718;
12532123;Dólar dos EUA (USD) - fim de męs;Valor em fim do período;Divisa;2024-05-31;1.0852;
12532123;Dólar dos EUA (USD) - fim de męs;Valor em fim do período;Divisa;2024-06-30;1.0705;
12532123;Dólar dos EUA (USD) - fim de męs;Valor em fim do período;Divisa;2024-07-31;1.0828;
12532123;Dólar dos EUA (USD) - fim de męs;Valor em fim do período;Divisa;2024-08-31;1.1087;
12532123;Dólar dos EUA (USD) - fim de męs;Valor em fim do período;Divisa;2024-09-30;1.1196;
12532123;Dólar dos EUA (USD) - fim de męs;Valor em fim do período;Divisa;2024-10-31;1.0882;
12532123;Dólar dos EUA (USD) - fim de męs;Valor em fim do período;Divisa;2024-11-30;1.0562;
12532123;Dólar dos EUA (USD) - fim de męs;Valor em fim do período;Divisa;2024-12-31;1.0389;
12532123;Dólar dos EUA (USD) - fim de męs;Valor em fim do período;Divisa;2025-01-31;1.0393;
12532123;Dólar dos EUA (USD) - fim de męs;Valor em fim do período;Divisa;2025-02-28;1.0411;
12532123;Dólar dos EUA (USD) - fim de męs;Valor em fim do período;Divisa;2025-03-31;1.0815;
12532123;Dólar dos EUA (USD) - fim de męs;Valor em fim do período;Divisa;2025-04-30;1.1373;
12532123;Dólar dos EUA (USD) - fim de męs;Valor em fim do período;Divisa;2025-05-31;1.1339;
12532123;Dólar dos EUA (USD) - fim de męs;Valor em fim do período;Divisa;2025-06-30;1.1720;
12532123;Dólar dos EUA (USD) - fim de męs;Valor em fim do período;Divisa;2025-07-31;1.1446;
12532123;Dólar dos EUA (USD) - fim de męs;Valor em fim do período;Divisa;2025-08-31;1.1658;
12532123;Dólar dos EUA (USD) - fim de męs;Valor em fim do período;Divisa;2025-09-30;1.1741;
12532123;Dólar dos EUA (USD) - fim de męs;Valor em fim do período;Divisa;2025-10-31;1.1554;
12532123;Dólar dos EUA (USD) - fim de męs;Valor em fim do período;Divisa;2025-11-30;1.1566;
12532123;Dólar dos EUA (USD) - fim de męs;Valor em fim do período;Divisa;2025-12-31;1.1750;
12532123;Dólar dos EUA (USD) - fim de męs;Valor em fim do período;Divisa;2026-01-31;1.1919;
12532123;Dólar dos EUA (USD) - fim de męs;Valor em fim do período;Divisa;2026-02-28;1.1805;
